from;to
"80er";""
"a";""
"adult hits & dance - adult hits/adult";""
"afrikaans english";"afrikaans,english"
"all";""
"allemand";"german"
"american";"american english"
"anglais";"english"
"any";""
"arab";"arabic"
"arabe";"arabic"
"arabisch";"arabic"
"argentina";"spanish"
"argentino";"spanish"
"assorted";""
"asturianu";"asturian"
"azerbaijan";"azerbaijani"
"bairisch";"bavarian"
"belarussian";"belarusian"
"belorussian";"belarusian"
"bilingual";""
"bosnia";"bosnian"
"british";"english"
"burmese korean vietnamese";"burmese,korean,vietnamese"
"cantonese chinese";"cantonese"
"castellano";"spanish"
"castillano espaÃ±ol";"spanish"
"castillano";"spanish"
"catalÃ ";"spanish"
"catellano";"spanish"
"ÄeskÃ½";"czech"
"crÃ©ole";"creole"
"cyberspace";""
"cz";"czech"
"dansk";"danish"
"de";"german"
"deutsch - franzÃ¶sisch - italienisch";"german,french,italian"
"deutsch english";"german,english"
"deutsch german";"german"
"deutsch u.a.";"german"
"deutsch";"german"
"deutsch/niederlÃ¤ndisch";"german,dutch"
"deutschland";"german"
"deutscvh";"german"
"deutsche";"german"
"dolnoserbÅ¡Ä‡ina";"lower sorbian"
"dutch/english";"dutch,english"
"east german";"german"
"elglish";"english"
"emglish";"english"
"en";"english"
"eng";"english"
"england";"english"
"englich";"english"
"englis";"english"
"englisch";"english"
"english  afrikaans";"english,afrikaans"
"english (us)";"english"
"english arabic";"english,arabic"
"english manx";"english,manx"
"english pakistani hindi indian";"english,urdu,hindi,indian"
"english pakistani hindi punjabi";"english,urdu,hindi,punjabi"
"english/french";"english,french"
"englist";"english"
"es";"spanish"
"esaÃ±ol";"spanish"
"esopaÃ±ol";"spanish"
"espagol";"spanish"
"espanhol";"spanish"
"espaniol";"spanish"
"espaÃ±ol latino";"spanish"
"espaÃ±ol latinoamerica";"spanish"
"espanol spanish";"spanish"
"espanol";"spanish"
"espaÃ±ol";"spanish"
"et";"estonian"
"european";""
"euskara";"euskera"
"fa";"persian"
"farsi";"persian"
"flamand";"flemish"
"fr-ca";"french"
"fr";"french"
"fr/ it";"french"
"francais /";"french"
"franÃ§ais ğŸ‡«ğŸ‡·";"french"
"francais et gallo";"french"
"franÃ§ais french";"french"
"franÃ§ais kanak";"french"
"francais";"french"
"franÃ§ais";"french"
"franÃ§aise";"french"
"france";"french"
"francÃªs";"french"
"francias";"french"
"franÃ§ois";"french"
"franconian";"german"
"franzÃ¶sisch";"french"
"frencg";"french"
"french franÃ§ais";"french"
"frensh";"french"
"g";""
"ga";"irish"
"germain";"german"
"german dutch";"german,dutch"
"german englisch dutch";"german,english,dutch"
"german english dutch";"german,english,dutch"
"german english";"german,english"
"german/english";"german,english"
"german/english/spanish";"german,english,spanish"
"germany";"german"
"germeny";"german"
"grec";"greek"
"greec";"greek"
"greece";"greek"
"greek (ÎµÎ»Î»Î·Î½Î¹ÎºÎ¬)";"greek"
"greek & english";"greek,english"
"greenlandic";"kalaallisut"
"hornjoserbÅ¡Ä‡ina";"upper sorbian"
"hrvatski";"croatian"
"http://192.99.1.139:8982/";""
"http://infant.antfarm.co.za/sfm/1sfm.asx";""
"http://stream.laut.fm/truckersmp";""
"http://stream.simulatorradio.com:8002/stream.mp3";""
"http://stream01.ilovemusic.de/iloveradio20.mp3";""
"https://player.slam.nl/?stream=slam";""
"hungary";"hungarian"
"indonesia";"indonesian"
"ingles";"english"
"inglÃ©s";"english"
"inglÃªs";"english"
"inglese";"english"
"inglish";"english"
"instrumental";""
"internacional";""
"international";""
"it";"italian"
"ita";"italian"
"italia";"italian"
"italiano";"italian"
"italien";"italian"
"italienisch";"italian"
"italy";"italian"
"japan";"japanese"
"japanes";"japanese"
"japanese/spanish";"japanese,spanish"
"japannese";"japanese"
"javanesse";"javanese"
"khmer lao uyghur";"khmer"
"kpop";""
"lÃ«tzebuergesch";"luxembourgish"
"liverpool";"english"
"luxembourg";"luxembourgish"
"magyar";"hungarian"
"maltese and english";"maltese"
"maltesisch";"maltese"
"multicultural";""
"multilingual";""
"music only";""
"music";""
"nedelands";"dutch"
"nederlands";"dutch"
"netherland";"dutch"
"netherlands";"dutch"
"niederlÃ¤ndisch";"dutch"
"nl";"dutch"
"none";""
"norwegisch";"norwegian"
"onlien tamil radio";"tamil"
"pakistani";"urdu"
"papiamento english spanish";"papiamentu,english,spanish"
"papiamento";"papiamentu"
"pl";"polish"
"plattdeutsch";"low german"
"plattdÃ¼Ã¼tsch";"low german"
"plautdietsch";"low german"
"polaco";"polish"
"poland";"polish"
"polen";"polish"
"poli";"polish"
"polnisch";"polish"
"polski";"polish"
"polskie";"polish"
"pop";""
"portugal";"portuguese"
"portugÃªs brasileiro";"brazilian portuguese"
"portugÃªs";"portuguese"
"portugese";"portuguese"
"portugues br";"brazilian portuguese"
"portuguÃªs br";"brazilian portuguese"
"portuguÃªs brasil";"brazilian portuguese"
"portugues brasileiro";"brazilian portuguese"
"portuguÃªs brasileiro";"brazilian portuguese"
"portuguÃªs do brasil";"brazilian portuguese"
"portuguÃªs do";"portuguese"
"portuguÃªs inglÃªs";"portuguese"
"portugues";"portuguese"
"portuguÃªs";"portuguese"
"portuguesa";"portuguese"
"portuguese (brazil)";"brazilian portuguese"
"portugueses";"portuguese"
"pt - br";"brazilian portuguese"
"pt br";"brazilian portuguese"
"pt_br";"brazilian portuguese"
"pt";"portuguese"
"romana";"romanian"
"ru-en";"russian"
"ru";"russian"
"rumÃ¤nisch";"romanian"
"rusian";"russian"
"russia";"russian"
"russisch";"russian"
"sachsen";"german"
"schwÃ¤bisch";"swabian"
"schwedisch";"swedish"
"scotish";"gaelic"
"scottish gaelic";"gaelic"
"scottish";"gaelic"
"slovene";"slovenian"
"slovenscina";"slovenian"
"slovensky";"slovenian"
"spanglish";"spanish"
"spanich";"spanish"
"spanisch";"spanish"
"spanish/catalan";"catalan"
"spanish/english";"spanish,english"
"srbski";"serbian"
"srpski";"serbian"
"stockholm";"swedish"
"svenska";"swedish"
"swissgerman";"swiss german"
"tchech";"czech"
"thailand";"thai"
"turk";"turkish"
"tÃ¼rkÃ§e";"turkish"
"turkey";"turkish"
"tÃ¼rkiye";"turkish"
"ukr";"ukrainian"
"ukraine";"ukrainian"
"undefined";""
"united kingdom";"english"
"urdu hindi";"urdu,hindi"
"valenciÃ ";"catalan"
"valencian";"catalan"
"valenciano";"catalan"
"various";""
"vlaams";"flemish"
"vlams";"flemish"
"wir sind dein lieblings-vielfaltmix aus der grÃ¶ÃŸte";""
"world";""
"your driving music soundtrack";""
"yugoslavia";"yugoslavian"
"ÎµÎ»Î»Î·Î½Î¹ÎºÎ¬";"greek"
"ÎµÎ»Î»Î·Î½Î¹ÎºÎ®";"greek"
"Ğ±ÑŠĞ»Ğ³Ğ°Ñ€ÑĞºĞ¸";"bulgarian"
"Ñ€ÑƒÑÑĞºĞ¸Ğ¹";"russian"
"ÑƒĞºÑ€Ğ°Ğ¸Ğ½ÑĞºĞ¸Ğ¹";"ukrainian"
"ÑƒĞºÑ€Ğ°Ñ—Ğ½ÑÑŒĞºĞ°";"ukrainian"
"×× ×’×œ×™×ª";"english"
"×™×•×•× ×™×ª";"greek"
"×¢×‘×¨×™×ª";"hebrew"
"×¢×¨×‘×™×ª";"arabic"
"×¦×¨×¤×ª×™×ª";"french"
"×¨×•×¡×™×ª";"russian"
"ä¸­æ–‡";"chinese"
"æ—¥æœ¬èª";"japanese"
